sample_id,scene,paragraph_id,cluster_id,subject,relation,object,rule,anchor,num_supporting_paths,subject_span_ok,object_span_ok,source_step3_file
step4T_7cef4dc53f14655d8967,FloorPlan1,FloorPlan1_FloorPlan1_chunk_0_0_cluster_0_A_diverse_0,FloorPlan1_chunk_0_0_cluster_0,soap_bottle_1,left_of,pot_1,chain_same_direction,potato_1,1,True,True,FloorPlan1_experiment_A_text_diverse.json
step4T_ce30cad906b3b778ae85,FloorPlan1,FloorPlan1_FloorPlan1_chunk_0_0_cluster_0_A_diverse_2,FloorPlan1_chunk_0_0_cluster_0,soap_bottle_1,left_of,wine_bottle_1,shared_anchor_opposite_sides,potato_1,1,True,True,FloorPlan1_experiment_A_text_diverse.json
step4T_cb097e89bf866eab301d,FloorPlan1,FloorPlan1_FloorPlan1_chunk_0_0_cluster_0_A_diverse_2,FloorPlan1_chunk_0_0_cluster_0,wine_bottle_1,right_of,soap_bottle_1,shared_anchor_opposite_sides,potato_1,1,True,True,FloorPlan1_experiment_A_text_diverse.json
step4T_8131a4dbb707a0ee6f91,FloorPlan1,FloorPlan1_FloorPlan1_chunk_1_0_cluster_0_A_diverse_1,FloorPlan1_chunk_1_0_cluster_0,cabinet_2,right_of,stove_knob_2,anchor_between_reversed_surface_form,pepper_shaker_1,1,True,True,FloorPlan1_experiment_A_text_diverse.json
step4T_45924177cfdc2c5f0cc1,FloorPlan1,FloorPlan1_FloorPlan1_chunk_1_0_cluster_0_A_diverse_1,FloorPlan1_chunk_1_0_cluster_0,kettle_1,right_of,salt_shaker_1,chain_same_direction,pan_1,1,True,True,FloorPlan1_experiment_A_text_diverse.json
step4T_7bb373d3254542f99ffe,FloorPlan1,FloorPlan1_FloorPlan1_chunk_1_0_cluster_0_A_diverse_1,FloorPlan1_chunk_1_0_cluster_0,kettle_1,right_of,stove_burner_1,chain_same_direction,pan_1,1,True,True,FloorPlan1_experiment_A_text_diverse.json
step4T_22c83ec872bebac94c83,FloorPlan1,FloorPlan1_FloorPlan1_chunk_1_0_cluster_0_A_diverse_1,FloorPlan1_chunk_1_0_cluster_0,kettle_1,right_of,stove_knob_2,shared_anchor_opposite_sides,pan_1,2,True,True,FloorPlan1_experiment_A_text_diverse.json
step4T_67f1b760dbb8adc19649,FloorPlan1,FloorPlan1_FloorPlan1_chunk_1_0_cluster_0_A_diverse_1,FloorPlan1_chunk_1_0_cluster_0,stove_burner_1,left_of,kettle_1,chain_same_direction,pepper_shaker_1,1,True,True,FloorPlan1_experiment_A_text_diverse.json
step4T_a3f961d30a56ad7d5538,FloorPlan1,FloorPlan1_FloorPlan1_chunk_1_0_cluster_0_A_diverse_1,FloorPlan1_chunk_1_0_cluster_0,stove_knob_2,left_of,cabinet_2,anchor_between_reversed_surface_form,pepper_shaker_1,1,True,True,FloorPlan1_experiment_A_text_diverse.json
step4T_66c7724600fd43127b9c,FloorPlan1,FloorPlan1_FloorPlan1_chunk_1_0_cluster_0_A_diverse_1,FloorPlan1_chunk_1_0_cluster_0,stove_knob_2,left_of,kettle_1,shared_anchor_opposite_sides,pan_1,2,True,True,FloorPlan1_experiment_A_text_diverse.json
step4T_22573f0b39de6c8765fa,FloorPlan1,FloorPlan1_FloorPlan1_chunk_1_0_cluster_0_A_diverse_2,FloorPlan1_chunk_1_0_cluster_0,kettle_1,right_of,stove_burner_2,shared_anchor_opposite_sides,salt_shaker_1,1,True,True,FloorPlan1_experiment_A_text_diverse.json
step4T_bd340cbf86f0d1d31c40,FloorPlan1,FloorPlan1_FloorPlan1_chunk_1_0_cluster_0_A_diverse_2,FloorPlan1_chunk_1_0_cluster_0,stove_burner_2,left_of,kettle_1,shared_anchor_opposite_sides,salt_shaker_1,1,True,True,FloorPlan1_experiment_A_text_diverse.json
step4T_e9667c9b341c2cacf84e,FloorPlan1,FloorPlan1_FloorPlan1_chunk_1_0_cluster_0_A_diverse_3,FloorPlan1_chunk_1_0_cluster_0,kettle_1,right_of,stove_burner_1,anchor_between_reversed_surface_form,spatula_1,1,True,True,FloorPlan1_experiment_A_text_diverse.json
step4T_e8a94396290ae8ae92c3,FloorPlan1,FloorPlan1_FloorPlan1_chunk_1_0_cluster_0_A_diverse_3,FloorPlan1_chunk_1_0_cluster_0,kettle_1,right_of,stove_knob_1,anchor_between_reversed_surface_form,spatula_1,1,True,True,FloorPlan1_experiment_A_text_diverse.json
step4T_5ed712e4cdbe409aa16d,FloorPlan1,FloorPlan1_FloorPlan1_chunk_1_0_cluster_0_A_diverse_3,FloorPlan1_chunk_1_0_cluster_0,pan_1,right_of,stove_burner_1,chain_same_direction,pepper_shaker_1,1,True,True,FloorPlan1_experiment_A_text_diverse.json
step4T_5eeb02600567488b1064,FloorPlan1,FloorPlan1_FloorPlan1_chunk_1_0_cluster_0_A_diverse_3,FloorPlan1_chunk_1_0_cluster_0,plate_1,right_of,stove_burner_1,anchor_between_reversed_surface_form,pepper_shaker_1,1,True,True,FloorPlan1_experiment_A_text_diverse.json
step4T_2672d02b9febf765b0dc,FloorPlan1,FloorPlan1_FloorPlan1_chunk_1_0_cluster_0_A_diverse_3,FloorPlan1_chunk_1_0_cluster_0,stove_burner_1,left_of,kettle_1,anchor_between_reversed_surface_form,spatula_1,1,True,True,FloorPlan1_experiment_A_text_diverse.json
step4T_c51035466599af1bcb5a,FloorPlan1,FloorPlan1_FloorPlan1_chunk_1_0_cluster_0_A_diverse_3,FloorPlan1_chunk_1_0_cluster_0,stove_burner_1,left_of,plate_1,anchor_between_reversed_surface_form,pepper_shaker_1,1,True,True,FloorPlan1_experiment_A_text_diverse.json
step4T_2f7b52fcc4b68c3dfb7f,FloorPlan1,FloorPlan1_FloorPlan1_chunk_1_0_cluster_0_A_diverse_3,FloorPlan1_chunk_1_0_cluster_0,stove_knob_1,left_of,kettle_1,anchor_between_reversed_surface_form,spatula_1,1,True,True,FloorPlan1_experiment_A_text_diverse.json
step4T_3ece07dab48bbec9b549,FloorPlan1,FloorPlan1_FloorPlan1_chunk_1_2_cluster_0_A_diverse_0,FloorPlan1_chunk_1_2_cluster_0,apple_1,left_of,stool_1,chain_same_direction,book_1,1,True,True,FloorPlan1_experiment_A_text_diverse.json
step4T_663a136bfa4115c0bcb0,FloorPlan1,FloorPlan1_FloorPlan1_chunk_1_2_cluster_0_A_diverse_1,FloorPlan1_chunk_1_2_cluster_0,credit_card_1,left_of,stool_1,anchor_between_reversed_surface_form,book_1,1,True,True,FloorPlan1_experiment_A_text_diverse.json
step4T_520bb150cc9be513f312,FloorPlan1,FloorPlan1_FloorPlan1_chunk_1_2_cluster_0_A_diverse_1,FloorPlan1_chunk_1_2_cluster_0,stool_1,right_of,credit_card_1,anchor_between_reversed_surface_form,book_1,1,True,True,FloorPlan1_experiment_A_text_diverse.json
step4T_d4801442837e62272f66,FloorPlan1,FloorPlan1_FloorPlan1_chunk_1_2_cluster_0_A_diverse_3,FloorPlan1_chunk_1_2_cluster_0,apple_1,left_of,stool_1,chain_same_direction,book_1,1,True,True,FloorPlan1_experiment_A_text_diverse.json
step4T_8d336c739c5326d22e85,FloorPlan1,FloorPlan1_FloorPlan1_chunk_2_0_cluster_0_A_diverse_2,FloorPlan1_chunk_2_0_cluster_0,bottle_1,right_of,pan_1,shared_anchor_opposite_sides,fork_1,1,True,True,FloorPlan1_experiment_A_text_diverse.json
step4T_c22e26be63cce439ad8d,FloorPlan1,FloorPlan1_FloorPlan1_chunk_2_0_cluster_0_A_diverse_2,FloorPlan1_chunk_2_0_cluster_0,pan_1,left_of,bottle_1,shared_anchor_opposite_sides,fork_1,1,True,True,FloorPlan1_experiment_A_text_diverse.json
step4T_3b6605cfeff0cf9153ff,FloorPlan1,FloorPlan1_FloorPlan1_chunk_2_0_cluster_0_A_diverse_2,FloorPlan1_chunk_2_0_cluster_0,pan_1,left_of,shelf_1,chain_same_direction,fork_1,1,True,True,FloorPlan1_experiment_A_text_diverse.json
step4T_7fab68a24ab1f61b7f2f,FloorPlan1,FloorPlan1_FloorPlan1_chunk_2_0_cluster_0_A_diverse_2,FloorPlan1_chunk_2_0_cluster_0,pan_1,left_of,shelf_2,chain_same_direction,fork_1,1,True,True,FloorPlan1_experiment_A_text_diverse.json
step4T_4de84b428a7ca66e7bfa,FloorPlan1,FloorPlan1_FloorPlan1_chunk_2_0_cluster_0_A_diverse_2,FloorPlan1_chunk_2_0_cluster_0,pan_1,left_of,vase_2,shared_anchor_opposite_sides,spoon_1,1,True,True,FloorPlan1_experiment_A_text_diverse.json
step4T_416f48e1620bc95f7e9d,FloorPlan1,FloorPlan1_FloorPlan1_chunk_2_0_cluster_0_A_diverse_2,FloorPlan1_chunk_2_0_cluster_0,vase_2,right_of,pan_1,shared_anchor_opposite_sides,spoon_1,1,True,True,FloorPlan1_experiment_A_text_diverse.json
step4T_7522d7f733b3cb4d8217,FloorPlan1,FloorPlan1_FloorPlan1_chunk_2_0_cluster_0_A_diverse_3,FloorPlan1_chunk_2_0_cluster_0,pan_1,left_of,vase_2,chain_same_direction,bottle_1,1,True,True,FloorPlan1_experiment_A_text_diverse.json
step4T_b28c9013a1068fcb97da,FloorPlan2,FloorPlan2_FloorPlan2_chunk_1_0_cluster_0_A_diverse_1,FloorPlan2_chunk_1_0_cluster_0,dish_sponge_1,left_of,pot_1,chain_same_direction,sink_1,1,True,True,FloorPlan2_experiment_A_text_diverse.json
step4T_b22d682f753bc60ae408,FloorPlan2,FloorPlan2_FloorPlan2_chunk_1_0_cluster_0_A_diverse_1,FloorPlan2_chunk_1_0_cluster_0,faucet_1,right_of,pan_1,anchor_between_reversed_surface_form,dish_sponge_1,1,True,True,FloorPlan2_experiment_A_text_diverse.json
step4T_21befb5d94ade287927c,FloorPlan2,FloorPlan2_FloorPlan2_chunk_1_0_cluster_0_A_diverse_1,FloorPlan2_chunk_1_0_cluster_0,knife_1,right_of,pan_1,shared_anchor_opposite_sides,drawer_1,1,True,True,FloorPlan2_experiment_A_text_diverse.json
step4T_724368ac86dacd85cb77,FloorPlan2,FloorPlan2_FloorPlan2_chunk_1_0_cluster_0_A_diverse_1,FloorPlan2_chunk_1_0_cluster_0,pan_1,left_of,faucet_1,anchor_between_reversed_surface_form,dish_sponge_1,1,True,True,FloorPlan2_experiment_A_text_diverse.json
step4T_973b0bc862ad02574c73,FloorPlan2,FloorPlan2_FloorPlan2_chunk_1_0_cluster_0_A_diverse_1,FloorPlan2_chunk_1_0_cluster_0,pan_1,left_of,knife_1,shared_anchor_opposite_sides,drawer_1,1,True,True,FloorPlan2_experiment_A_text_diverse.json
step4T_b9adb80f11e4dd0f9823,FloorPlan2,FloorPlan2_FloorPlan2_chunk_1_0_cluster_0_A_diverse_1,FloorPlan2_chunk_1_0_cluster_0,pan_1,left_of,pot_1,chain_same_direction,sink_1,1,True,True,FloorPlan2_experiment_A_text_diverse.json
step4T_f4934c3a03843fd3eb1c,FloorPlan2,FloorPlan2_FloorPlan2_chunk_1_0_cluster_0_A_diverse_1,FloorPlan2_chunk_1_0_cluster_0,pot_1,right_of,cabinet_1,chain_same_direction,window_1,1,True,True,FloorPlan2_experiment_A_text_diverse.json
step4T_84292084cc6e238cfeb3,FloorPlan2,FloorPlan2_FloorPlan2_chunk_1_0_cluster_0_A_diverse_2,FloorPlan2_chunk_1_0_cluster_0,cabinet_3,left_of,pot_1,anchor_between_reversed_surface_form,knife_1,1,True,True,FloorPlan2_experiment_A_text_diverse.json
step4T_0882f003dd7f3a9df9dd,FloorPlan2,FloorPlan2_FloorPlan2_chunk_1_0_cluster_0_A_diverse_2,FloorPlan2_chunk_1_0_cluster_0,coffee_machine_1,right_of,knife_1,shared_anchor_opposite_sides,pot_1,1,True,True,FloorPlan2_experiment_A_text_diverse.json
step4T_93d497f160ae2411834a,FloorPlan2,FloorPlan2_FloorPlan2_chunk_1_0_cluster_0_A_diverse_2,FloorPlan2_chunk_1_0_cluster_0,coffee_machine_1,right_of,pan_1,anchor_between_reversed_surface_form,faucet_1,1,True,True,FloorPlan2_experiment_A_text_diverse.json
step4T_8e80218e69d996d12e44,FloorPlan2,FloorPlan2_FloorPlan2_chunk_1_0_cluster_0_A_diverse_2,FloorPlan2_chunk_1_0_cluster_0,dish_sponge_1,left_of,pot_1,chain_same_direction,knife_1,1,True,True,FloorPlan2_experiment_A_text_diverse.json
step4T_c079e99a758eba0d2503,FloorPlan2,FloorPlan2_FloorPlan2_chunk_1_0_cluster_0_A_diverse_2,FloorPlan2_chunk_1_0_cluster_0,knife_1,left_of,coffee_machine_1,shared_anchor_opposite_sides,pot_1,1,True,True,FloorPlan2_experiment_A_text_diverse.json
step4T_a4d1216d712d2e8228d3,FloorPlan2,FloorPlan2_FloorPlan2_chunk_1_0_cluster_0_A_diverse_2,FloorPlan2_chunk_1_0_cluster_0,knife_1,right_of,drawer_1,chain_same_direction,sink_basin_1,1,True,True,FloorPlan2_experiment_A_text_diverse.json
step4T_d2cf798fb7d4d8e632f9,FloorPlan2,FloorPlan2_FloorPlan2_chunk_1_0_cluster_0_A_diverse_2,FloorPlan2_chunk_1_0_cluster_0,pan_1,left_of,coffee_machine_1,anchor_between_reversed_surface_form,faucet_1,1,True,True,FloorPlan2_experiment_A_text_diverse.json
step4T_b3f1ea81d822d301bbb3,FloorPlan2,FloorPlan2_FloorPlan2_chunk_1_0_cluster_0_A_diverse_2,FloorPlan2_chunk_1_0_cluster_0,pot_1,right_of,cabinet_3,anchor_between_reversed_surface_form,knife_1,1,True,True,FloorPlan2_experiment_A_text_diverse.json
step4T_871d2ce6ded01681f9bd,FloorPlan2,FloorPlan2_FloorPlan2_chunk_1_0_cluster_0_A_diverse_2,FloorPlan2_chunk_1_0_cluster_0,pot_1,right_of,sink_basin_1,anchor_between_reversed_surface_form,knife_1,1,True,True,FloorPlan2_experiment_A_text_diverse.json
step4T_2ae9ee37d95458fc3b91,FloorPlan2,FloorPlan2_FloorPlan2_chunk_1_0_cluster_0_A_diverse_2,FloorPlan2_chunk_1_0_cluster_0,sink_basin_1,left_of,pot_1,anchor_between_reversed_surface_form,knife_1,1,True,True,FloorPlan2_experiment_A_text_diverse.json
step4T_52d51261f3449c79b605,FloorPlan2,FloorPlan2_FloorPlan2_chunk_1_0_cluster_0_A_diverse_3,FloorPlan2_chunk_1_0_cluster_0,cabinet_2,left_of,knife_1,chain_same_direction,soap_bottle_1,1,True,True,FloorPlan2_experiment_A_text_diverse.json
step4T_e2014e67d2c36dfdd845,FloorPlan2,FloorPlan2_FloorPlan2_chunk_1_0_cluster_0_A_diverse_3,FloorPlan2_chunk_1_0_cluster_0,cabinet_2,left_of,pot_1,shared_anchor_opposite_sides,faucet_1,1,True,True,FloorPlan2_experiment_A_text_diverse.json
step4T_dc7344bd1835e759d161,FloorPlan2,FloorPlan2_FloorPlan2_chunk_1_0_cluster_0_A_diverse_3,FloorPlan2_chunk_1_0_cluster_0,pot_1,right_of,cabinet_1,chain_same_direction,sink_basin_1,1,True,True,FloorPlan2_experiment_A_text_diverse.json
step4T_31042f7232f86cc97179,FloorPlan2,FloorPlan2_FloorPlan2_chunk_1_0_cluster_0_A_diverse_3,FloorPlan2_chunk_1_0_cluster_0,pot_1,right_of,cabinet_2,shared_anchor_opposite_sides,faucet_1,1,True,True,FloorPlan2_experiment_A_text_diverse.json
step4T_f51cc4b4d8064f570178,FloorPlan2,FloorPlan2_FloorPlan2_chunk_2_0_cluster_0_A_diverse_3,FloorPlan2_chunk_2_0_cluster_0,coffee_machine_1,right_of,window_2,chain_same_direction,pot_1,1,True,True,FloorPlan2_experiment_A_text_diverse.json
step4T_6c380ba2efba518919b5,FloorPlan2,FloorPlan2_FloorPlan2_chunk_2_0_cluster_0_A_diverse_3,FloorPlan2_chunk_2_0_cluster_0,plate_1,right_of,window_2,chain_same_direction,pot_1,1,True,True,FloorPlan2_experiment_A_text_diverse.json
step4T_81740920b624a39ff387,FloorPlan3,FloorPlan3_FloorPlan3_chunk_0_1_cluster_0_A_diverse_1,FloorPlan3_chunk_0_1_cluster_0,plate_1,right_of,mug_1,chain_same_direction,soap_bottle_1,1,True,True,FloorPlan3_experiment_A_text_diverse.json
step4T_fdad606522e485f6cac6,FloorPlan3,FloorPlan3_FloorPlan3_chunk_0_1_cluster_0_A_diverse_2,FloorPlan3_chunk_0_1_cluster_0,dish_sponge_1,left_of,egg_1,shared_anchor_opposite_sides,apple_1,1,True,True,FloorPlan3_experiment_A_text_diverse.json
step4T_f3c23c28c1cd87c41050,FloorPlan3,FloorPlan3_FloorPlan3_chunk_0_1_cluster_0_A_diverse_2,FloorPlan3_chunk_0_1_cluster_0,egg_1,right_of,dish_sponge_1,shared_anchor_opposite_sides,apple_1,1,True,True,FloorPlan3_experiment_A_text_diverse.json
step4T_f5586e188a4bfc94daf1,FloorPlan3,FloorPlan3_FloorPlan3_chunk_1_0_cluster_0_A_diverse_0,FloorPlan3_chunk_1_0_cluster_0,spatula_1,left_of,stove_burner_1,chain_same_direction,stove_knob_4,1,True,True,FloorPlan3_experiment_A_text_diverse.json
step4T_98c842ac355a7fa9088a,FloorPlan3,FloorPlan3_FloorPlan3_chunk_1_0_cluster_0_A_diverse_0,FloorPlan3_chunk_1_0_cluster_0,spatula_1,left_of,stove_knob_1,chain_same_direction,stove_burner_3,2,True,True,FloorPlan3_experiment_A_text_diverse.json
step4T_9da1ffd7ae34bb6c69c2,FloorPlan3,FloorPlan3_FloorPlan3_chunk_1_0_cluster_0_A_diverse_0,FloorPlan3_chunk_1_0_cluster_0,spatula_1,left_of,stove_knob_2,chain_same_direction,stove_burner_3,1,True,True,FloorPlan3_experiment_A_text_diverse.json
step4T_6684b8e6ef1cfa338d73,FloorPlan3,FloorPlan3_FloorPlan3_chunk_1_0_cluster_0_A_diverse_1,FloorPlan3_chunk_1_0_cluster_0,spatula_1,left_of,stove_burner_2,anchor_between_reversed_surface_form,stove_knob_3,1,True,True,FloorPlan3_experiment_A_text_diverse.json
step4T_c7f754dc979fee2c4135,FloorPlan3,FloorPlan3_FloorPlan3_chunk_1_0_cluster_0_A_diverse_1,FloorPlan3_chunk_1_0_cluster_0,stove_burner_2,right_of,spatula_1,anchor_between_reversed_surface_form,stove_knob_3,1,True,True,FloorPlan3_experiment_A_text_diverse.json
step4T_8f045618cfe3ce9b67d2,FloorPlan3,FloorPlan3_FloorPlan3_chunk_1_0_cluster_0_A_diverse_1,FloorPlan3_chunk_1_0_cluster_0,stove_knob_3,left_of,stove_knob_1,chain_same_direction,stove_knob_2,1,True,True,FloorPlan3_experiment_A_text_diverse.json
step4T_2d0b19549f877316361c,FloorPlan3,FloorPlan3_FloorPlan3_chunk_1_0_cluster_0_A_diverse_1,FloorPlan3_chunk_1_0_cluster_0,stove_knob_4,left_of,stove_burner_2,chain_same_direction,stove_knob_3,1,True,True,FloorPlan3_experiment_A_text_diverse.json
step4T_791e19bbdca205eda2da,FloorPlan3,FloorPlan3_FloorPlan3_chunk_1_0_cluster_0_A_diverse_1,FloorPlan3_chunk_1_0_cluster_0,stove_knob_4,left_of,stove_knob_1,chain_same_direction,stove_knob_2,1,True,True,FloorPlan3_experiment_A_text_diverse.json
step4T_4768c073a37bd17f2c2f,FloorPlan3,FloorPlan3_FloorPlan3_chunk_1_0_cluster_0_A_diverse_2,FloorPlan3_chunk_1_0_cluster_0,spatula_1,left_of,stove_burner_1,chain_same_direction,stove_knob_4,1,True,True,FloorPlan3_experiment_A_text_diverse.json
step4T_3bbf471080e7cbf8d039,FloorPlan3,FloorPlan3_FloorPlan3_chunk_1_0_cluster_0_A_diverse_2,FloorPlan3_chunk_1_0_cluster_0,spatula_1,left_of,stove_knob_1,chain_same_direction,stove_burner_3,2,True,True,FloorPlan3_experiment_A_text_diverse.json
step4T_a9f0441dd63ed66193c7,FloorPlan3,FloorPlan3_FloorPlan3_chunk_1_0_cluster_0_A_diverse_2,FloorPlan3_chunk_1_0_cluster_0,spatula_1,left_of,stove_knob_2,chain_same_direction,stove_burner_3,1,True,True,FloorPlan3_experiment_A_text_diverse.json
step4T_3e6c26718c7c53f248ec,FloorPlan3,FloorPlan3_FloorPlan3_chunk_1_0_cluster_0_A_diverse_2,FloorPlan3_chunk_1_0_cluster_0,stove_burner_4,left_of,stove_knob_1,anchor_between_reversed_surface_form,stove_knob_2,1,True,True,FloorPlan3_experiment_A_text_diverse.json
step4T_50382cac74e54ae30093,FloorPlan3,FloorPlan3_FloorPlan3_chunk_1_0_cluster_0_A_diverse_2,FloorPlan3_chunk_1_0_cluster_0,stove_knob_1,right_of,stove_burner_4,anchor_between_reversed_surface_form,stove_knob_2,1,True,True,FloorPlan3_experiment_A_text_diverse.json
step4T_30f19e6d0c0b53f1e14a,FloorPlan3,FloorPlan3_FloorPlan3_chunk_1_0_cluster_0_A_diverse_3,FloorPlan3_chunk_1_0_cluster_0,spatula_1,left_of,stove_burner_1,chain_same_direction,stove_knob_4,1,True,True,FloorPlan3_experiment_A_text_diverse.json
step4T_9d1fcac2f4bbdf6ddb57,FloorPlan3,FloorPlan3_FloorPlan3_chunk_1_0_cluster_0_A_diverse_3,FloorPlan3_chunk_1_0_cluster_0,spatula_1,left_of,stove_burner_2,chain_same_direction,stove_knob_4,2,True,True,FloorPlan3_experiment_A_text_diverse.json
step4T_89ed8f9d781be914e0a5,FloorPlan3,FloorPlan3_FloorPlan3_chunk_1_0_cluster_0_A_diverse_3,FloorPlan3_chunk_1_0_cluster_0,spatula_1,left_of,stove_knob_1,chain_same_direction,stove_burner_3,2,True,True,FloorPlan3_experiment_A_text_diverse.json
step4T_0e16dbdeda2c6e99ef63,FloorPlan3,FloorPlan3_FloorPlan3_chunk_1_0_cluster_0_A_diverse_3,FloorPlan3_chunk_1_0_cluster_0,spatula_1,left_of,stove_knob_2,chain_same_direction,stove_knob_4,2,True,True,FloorPlan3_experiment_A_text_diverse.json
step4T_fea368d4244f12fd132a,FloorPlan3,FloorPlan3_FloorPlan3_chunk_1_0_cluster_0_A_diverse_3,FloorPlan3_chunk_1_0_cluster_0,stove_burner_2,right_of,spatula_1,anchor_between_reversed_surface_form,stove_knob_3,1,True,True,FloorPlan3_experiment_A_text_diverse.json
step4T_6df3794a15ef7d1c6261,FloorPlan3,FloorPlan3_FloorPlan3_chunk_1_0_cluster_0_A_diverse_3,FloorPlan3_chunk_1_0_cluster_0,stove_burner_4,left_of,stove_knob_1,anchor_between_reversed_surface_form,stove_knob_2,1,True,True,FloorPlan3_experiment_A_text_diverse.json
step4T_fe5918fa849f98acf6bd,FloorPlan3,FloorPlan3_FloorPlan3_chunk_1_0_cluster_0_A_diverse_3,FloorPlan3_chunk_1_0_cluster_0,stove_knob_1,right_of,spatula_1,anchor_between_reversed_surface_form,stove_knob_3,1,True,True,FloorPlan3_experiment_A_text_diverse.json
step4T_43f4f367c23e60c25a03,FloorPlan3,FloorPlan3_FloorPlan3_chunk_1_0_cluster_0_A_diverse_3,FloorPlan3_chunk_1_0_cluster_0,stove_knob_1,right_of,stove_burner_4,anchor_between_reversed_surface_form,stove_knob_2,1,True,True,FloorPlan3_experiment_A_text_diverse.json
step4T_87524a71b98b5158f485,FloorPlan3,FloorPlan3_FloorPlan3_chunk_1_0_cluster_0_A_diverse_3,FloorPlan3_chunk_1_0_cluster_0,stove_knob_2,right_of,spatula_1,anchor_between_reversed_surface_form,stove_knob_3,1,True,True,FloorPlan3_experiment_A_text_diverse.json
step4T_b7aba9726896b43c8d32,FloorPlan3,FloorPlan3_FloorPlan3_chunk_1_0_cluster_0_A_diverse_3,FloorPlan3_chunk_1_0_cluster_0,stove_knob_4,left_of,stove_knob_1,chain_same_direction,stove_knob_2,1,True,True,FloorPlan3_experiment_A_text_diverse.json
step4T_fb10b2850d65e934904e,FloorPlan3,FloorPlan3_FloorPlan3_chunk_2_0_cluster_0_A_diverse_0,FloorPlan3_chunk_2_0_cluster_0,salt_shaker_1,left_of,spoon_1,chain_same_direction,pepper_shaker_1,1,True,True,FloorPlan3_experiment_A_text_diverse.json
step4T_a468122e43d0c0cb37ac,FloorPlan3,FloorPlan3_FloorPlan3_chunk_2_0_cluster_0_A_diverse_1,FloorPlan3_chunk_2_0_cluster_0,salt_shaker_1,left_of,fork_1,chain_same_direction,pepper_shaker_1,1,True,True,FloorPlan3_experiment_A_text_diverse.json
step4T_28874a725ed91e67e646,FloorPlan3,FloorPlan3_FloorPlan3_chunk_2_0_cluster_0_A_diverse_2,FloorPlan3_chunk_2_0_cluster_0,microwave_1,right_of,salt_shaker_1,chain_same_direction,fork_1,1,True,True,FloorPlan3_experiment_A_text_diverse.json
step4T_393843b47f37f50cc0b0,FloorPlan3,FloorPlan3_FloorPlan3_chunk_2_0_cluster_0_A_diverse_3,FloorPlan3_chunk_2_0_cluster_0,microwave_1,right_of,salt_shaker_1,chain_same_direction,fork_1,1,True,True,FloorPlan3_experiment_A_text_diverse.json
step4T_7c9c3898a16406849b51,FloorPlan4,FloorPlan4_FloorPlan4_chunk_0_0_cluster_0_A_diverse_0,FloorPlan4_chunk_0_0_cluster_0,pepper_shaker_1,left_of,house_plant_1,chain_same_direction,apple_1,2,True,True,FloorPlan4_experiment_A_text_diverse.json
step4T_b6da861f5140daa29890,FloorPlan4,FloorPlan4_FloorPlan4_chunk_0_0_cluster_0_A_diverse_1,FloorPlan4_chunk_0_0_cluster_0,apple_1,right_of,salt_shaker_1,shared_anchor_opposite_sides,stove_burner_2,1,True,True,FloorPlan4_experiment_A_text_diverse.json
step4T_c30f524f9e5c5c54c663,FloorPlan4,FloorPlan4_FloorPlan4_chunk_0_0_cluster_0_A_diverse_1,FloorPlan4_chunk_0_0_cluster_0,butter_knife_1,right_of,salt_shaker_1,shared_anchor_opposite_sides,stove_burner_2,1,True,True,FloorPlan4_experiment_A_text_diverse.json
step4T_cb0be53fe3298be578d2,FloorPlan4,FloorPlan4_FloorPlan4_chunk_0_0_cluster_0_A_diverse_1,FloorPlan4_chunk_0_0_cluster_0,ladle_1,right_of,counter_top_1,chain_same_direction,apple_1,1,True,True,FloorPlan4_experiment_A_text_diverse.json
step4T_ccc86bf0b98c35c219a2,FloorPlan4,FloorPlan4_FloorPlan4_chunk_0_0_cluster_0_A_diverse_1,FloorPlan4_chunk_0_0_cluster_0,ladle_1,right_of,pepper_shaker_1,chain_same_direction,stove_burner_1,1,True,True,FloorPlan4_experiment_A_text_diverse.json
step4T_7819a4578a17fbf3614d,FloorPlan4,FloorPlan4_FloorPlan4_chunk_0_0_cluster_0_A_diverse_1,FloorPlan4_chunk_0_0_cluster_0,ladle_1,right_of,stove_burner_2,chain_same_direction,apple_1,1,True,True,FloorPlan4_experiment_A_text_diverse.json
step4T_1faacf7dca9ce0aab7db,FloorPlan4,FloorPlan4_FloorPlan4_chunk_0_0_cluster_0_A_diverse_1,FloorPlan4_chunk_0_0_cluster_0,ladle_1,right_of,window_1,chain_same_direction,apple_1,1,True,True,FloorPlan4_experiment_A_text_diverse.json
step4T_0065ad93ce2e37bef393,FloorPlan4,FloorPlan4_FloorPlan4_chunk_0_0_cluster_0_A_diverse_1,FloorPlan4_chunk_0_0_cluster_0,pepper_shaker_1,left_of,potato_1,chain_same_direction,stove_knob_1,1,True,True,FloorPlan4_experiment_A_text_diverse.json
step4T_8e224f8bf11595e8c5d6,FloorPlan4,FloorPlan4_FloorPlan4_chunk_0_0_cluster_0_A_diverse_1,FloorPlan4_chunk_0_0_cluster_0,salt_shaker_1,left_of,apple_1,shared_anchor_opposite_sides,stove_burner_2,1,True,True,FloorPlan4_experiment_A_text_diverse.json
step4T_9801ca23c1a660dbad39,FloorPlan4,FloorPlan4_FloorPlan4_chunk_0_0_cluster_0_A_diverse_1,FloorPlan4_chunk_0_0_cluster_0,salt_shaker_1,left_of,butter_knife_1,shared_anchor_opposite_sides,stove_burner_2,1,True,True,FloorPlan4_experiment_A_text_diverse.json
step4T_5784ca0d696b1731c12f,FloorPlan4,FloorPlan4_FloorPlan4_chunk_0_0_cluster_0_A_diverse_2,FloorPlan4_chunk_0_0_cluster_0,apple_1,right_of,counter_top_1,chain_same_direction,stove_knob_1,1,True,True,FloorPlan4_experiment_A_text_diverse.json
step4T_4013cb639a596a34e903,FloorPlan4,FloorPlan4_FloorPlan4_chunk_0_0_cluster_0_A_diverse_2,FloorPlan4_chunk_0_0_cluster_0,apple_1,right_of,pepper_shaker_1,anchor_between_reversed_surface_form,potato_1,1,True,True,FloorPlan4_experiment_A_text_diverse.json
step4T_296a953eb2f9e00070dd,FloorPlan4,FloorPlan4_FloorPlan4_chunk_0_0_cluster_0_A_diverse_2,FloorPlan4_chunk_0_0_cluster_0,apple_1,right_of,salt_shaker_1,chain_same_direction,stove_burner_1,1,True,True,FloorPlan4_experiment_A_text_diverse.json
step4T_d4b40995a8c9e1ee4c8b,FloorPlan4,FloorPlan4_FloorPlan4_chunk_0_0_cluster_0_A_diverse_2,FloorPlan4_chunk_0_0_cluster_0,butter_knife_1,right_of,counter_top_1,chain_same_direction,stove_knob_1,1,True,True,FloorPlan4_experiment_A_text_diverse.json
step4T_99092a3b258d8d33ad1d,FloorPlan4,FloorPlan4_FloorPlan4_chunk_0_0_cluster_0_A_diverse_2,FloorPlan4_chunk_0_0_cluster_0,counter_top_1,left_of,ladle_1,anchor_between_reversed_surface_form,stove_knob_1,1,True,True,FloorPlan4_experiment_A_text_diverse.json
step4T_41a6ede5ee4a52d3b454,FloorPlan4,FloorPlan4_FloorPlan4_chunk_0_0_cluster_0_A_diverse_2,FloorPlan4_chunk_0_0_cluster_0,counter_top_1,left_of,potato_1,anchor_between_reversed_surface_form,stove_knob_2,1,True,True,FloorPlan4_experiment_A_text_diverse.json
step4T_565e775102cd9aae2352,FloorPlan4,FloorPlan4_FloorPlan4_chunk_0_0_cluster_0_A_diverse_2,FloorPlan4_chunk_0_0_cluster_0,house_plant_1,right_of,counter_top_1,chain_same_direction,stove_knob_1,1,True,True,FloorPlan4_experiment_A_text_diverse.json
step4T_9ee0a11afe0d09a10475,FloorPlan4,FloorPlan4_FloorPlan4_chunk_0_0_cluster_0_A_diverse_2,FloorPlan4_chunk_0_0_cluster_0,ladle_1,right_of,counter_top_1,chain_same_direction,stove_knob_2,2,True,True,FloorPlan4_experiment_A_text_diverse.json
step4T_cb532edae103d1d2fb8a,FloorPlan4,FloorPlan4_FloorPlan4_chunk_0_0_cluster_0_A_diverse_2,FloorPlan4_chunk_0_0_cluster_0,pepper_shaker_1,left_of,apple_1,anchor_between_reversed_surface_form,potato_1,1,True,True,FloorPlan4_experiment_A_text_diverse.json
step4T_73866613f74d3af684d0,FloorPlan4,FloorPlan4_FloorPlan4_chunk_0_0_cluster_0_A_diverse_2,FloorPlan4_chunk_0_0_cluster_0,potato_1,right_of,counter_top_1,anchor_between_reversed_surface_form,stove_knob_2,1,True,True,FloorPlan4_experiment_A_text_diverse.json
step4T_dc239eb8af1bddba7cdd,FloorPlan4,FloorPlan4_FloorPlan4_chunk_0_0_cluster_0_A_diverse_2,FloorPlan4_chunk_0_0_cluster_0,stove_knob_2,left_of,apple_1,chain_same_direction,potato_1,1,True,True,FloorPlan4_experiment_A_text_diverse.json
step4T_48ffbc7b1d5f2212cac8,FloorPlan4,FloorPlan4_FloorPlan4_chunk_0_0_cluster_0_A_diverse_3,FloorPlan4_chunk_0_0_cluster_0,apple_1,right_of,salt_shaker_1,chain_same_direction,stove_knob_2,1,True,True,FloorPlan4_experiment_A_text_diverse.json
step4T_9d05af66e15acd8d559c,FloorPlan4,FloorPlan4_FloorPlan4_chunk_0_0_cluster_0_A_diverse_3,FloorPlan4_chunk_0_0_cluster_0,butter_knife_1,right_of,counter_top_2,anchor_between_reversed_surface_form,pot_1,1,True,True,FloorPlan4_experiment_A_text_diverse.json
step4T_54531990a7c581e05f49,FloorPlan4,FloorPlan4_FloorPlan4_chunk_0_0_cluster_0_A_diverse_3,FloorPlan4_chunk_0_0_cluster_0,counter_top_1,right_of,salt_shaker_1,chain_same_direction,stove_knob_1,2,True,True,FloorPlan4_experiment_A_text_diverse.json
step4T_78dee3bdb591f7873726,FloorPlan4,FloorPlan4_FloorPlan4_chunk_0_0_cluster_0_A_diverse_3,FloorPlan4_chunk_0_0_cluster_0,counter_top_2,left_of,butter_knife_1,anchor_between_reversed_surface_form,pot_1,1,True,True,FloorPlan4_experiment_A_text_diverse.json
step4T_ebb32b95ba566b200192,FloorPlan4,FloorPlan4_FloorPlan4_chunk_0_0_cluster_0_A_diverse_3,FloorPlan4_chunk_0_0_cluster_0,house_plant_1,right_of,counter_top_2,chain_same_direction,pot_1,1,True,True,FloorPlan4_experiment_A_text_diverse.json
step4T_f84eee713f350212a509,FloorPlan4,FloorPlan4_FloorPlan4_chunk_0_0_cluster_0_A_diverse_3,FloorPlan4_chunk_0_0_cluster_0,salt_shaker_1,left_of,counter_top_1,anchor_between_reversed_surface_form,stove_knob_2,1,True,True,FloorPlan4_experiment_A_text_diverse.json
step4T_1a4c81cbf3e78dd0c0c5,FloorPlan4,FloorPlan4_FloorPlan4_chunk_1_0_cluster_0_A_diverse_1,FloorPlan4_chunk_1_0_cluster_0,house_plant_1,left_of,dish_sponge_1,chain_same_direction,knife_1,1,True,True,FloorPlan4_experiment_A_text_diverse.json
step4T_c5ff32066b403fd929a8,FloorPlan4,FloorPlan4_FloorPlan4_chunk_1_0_cluster_0_A_diverse_1,FloorPlan4_chunk_1_0_cluster_0,potato_1,left_of,dish_sponge_1,chain_same_direction,knife_1,1,True,True,FloorPlan4_experiment_A_text_diverse.json
step4T_6baa3d5bf1c14d726b5c,FloorPlan4,FloorPlan4_FloorPlan4_chunk_1_0_cluster_0_A_diverse_3,FloorPlan4_chunk_1_0_cluster_0,butter_knife_1,left_of,sink_basin_1,shared_anchor_opposite_sides,house_plant_1,1,True,True,FloorPlan4_experiment_A_text_diverse.json
step4T_00ca640c81ecce7ab712,FloorPlan4,FloorPlan4_FloorPlan4_chunk_1_0_cluster_0_A_diverse_3,FloorPlan4_chunk_1_0_cluster_0,sink_basin_1,right_of,butter_knife_1,shared_anchor_opposite_sides,house_plant_1,1,True,True,FloorPlan4_experiment_A_text_diverse.json
step4T_1553d6465316f7676616,FloorPlan4,FloorPlan4_FloorPlan4_chunk_2_0_cluster_0_A_diverse_0,FloorPlan4_chunk_2_0_cluster_0,cup_1,left_of,counter_top_1,chain_same_direction,dish_sponge_1,1,True,True,FloorPlan4_experiment_A_text_diverse.json
step4T_70a18cac4ea8b835c4f4,FloorPlan4,FloorPlan4_FloorPlan4_chunk_2_0_cluster_0_A_diverse_1,FloorPlan4_chunk_2_0_cluster_0,counter_top_1,right_of,cup_1,shared_anchor_opposite_sides,faucet_1,1,True,True,FloorPlan4_experiment_A_text_diverse.json
step4T_775da2347e9a461293da,FloorPlan4,FloorPlan4_FloorPlan4_chunk_2_0_cluster_0_A_diverse_1,FloorPlan4_chunk_2_0_cluster_0,cup_1,left_of,counter_top_1,shared_anchor_opposite_sides,faucet_1,1,True,True,FloorPlan4_experiment_A_text_diverse.json
step4T_5eccab16d059155a9081,FloorPlan4,FloorPlan4_FloorPlan4_chunk_2_0_cluster_0_A_diverse_1,FloorPlan4_chunk_2_0_cluster_0,cup_1,left_of,spatula_1,chain_same_direction,faucet_1,1,True,True,FloorPlan4_experiment_A_text_diverse.json
step4T_26aece151efa5cdddacd,FloorPlan4,FloorPlan4_FloorPlan4_chunk_2_0_cluster_0_A_diverse_1,FloorPlan4_chunk_2_0_cluster_0,faucet_1,left_of,microwave_1,shared_anchor_opposite_sides,spatula_1,1,True,True,FloorPlan4_experiment_A_text_diverse.json
step4T_707742b7202d48c94a48,FloorPlan4,FloorPlan4_FloorPlan4_chunk_2_0_cluster_0_A_diverse_1,FloorPlan4_chunk_2_0_cluster_0,microwave_1,right_of,faucet_1,shared_anchor_opposite_sides,spatula_1,1,True,True,FloorPlan4_experiment_A_text_diverse.json
step4T_22b022b85441a4c41e88,FloorPlan4,FloorPlan4_FloorPlan4_chunk_2_0_cluster_0_A_diverse_3,FloorPlan4_chunk_2_0_cluster_0,knife_1,left_of,soap_bottle_1,chain_same_direction,dish_sponge_1,1,True,True,FloorPlan4_experiment_A_text_diverse.json
step4T_d75db0842cf0080dcebc,FloorPlan4,FloorPlan4_FloorPlan4_chunk_2_1_cluster_0_A_diverse_1,FloorPlan4_chunk_2_1_cluster_0,tomato_1,left_of,bread_1,chain_same_direction,fork_1,1,True,True,FloorPlan4_experiment_A_text_diverse.json
step4T_3f340b9c7cf66c8dd56a,FloorPlan4,FloorPlan4_FloorPlan4_chunk_2_1_cluster_0_A_diverse_2,FloorPlan4_chunk_2_1_cluster_0,tomato_1,left_of,bread_1,chain_same_direction,bowl_1,2,True,True,FloorPlan4_experiment_A_text_diverse.json
step4T_2edf95cf5646e7e2430b,FloorPlan5,FloorPlan5_FloorPlan5_chunk_0_0_cluster_0_A_diverse_1,FloorPlan5_chunk_0_0_cluster_0,cabinet_3,left_of,soap_bottle_1,anchor_between_reversed_surface_form,paper_towel_roll_1,1,True,True,FloorPlan5_experiment_A_text_diverse.json
step4T_d29230a280b20bec63a1,FloorPlan5,FloorPlan5_FloorPlan5_chunk_0_0_cluster_0_A_diverse_1,FloorPlan5_chunk_0_0_cluster_0,lettuce_1,right_of,cabinet_3,chain_same_direction,dish_sponge_1,2,True,True,FloorPlan5_experiment_A_text_diverse.json
step4T_b1446d8250e20fa9edd7,FloorPlan5,FloorPlan5_FloorPlan5_chunk_0_0_cluster_0_A_diverse_1,FloorPlan5_chunk_0_0_cluster_0,lettuce_1,right_of,tomato_1,shared_anchor_opposite_sides,dish_sponge_1,1,True,True,FloorPlan5_experiment_A_text_diverse.json
step4T_17a697a7b7bc838d672e,FloorPlan5,FloorPlan5_FloorPlan5_chunk_0_0_cluster_0_A_diverse_1,FloorPlan5_chunk_0_0_cluster_0,soap_bottle_1,right_of,cabinet_3,anchor_between_reversed_surface_form,paper_towel_roll_1,1,True,True,FloorPlan5_experiment_A_text_diverse.json
step4T_07e7811a98a988e0afac,FloorPlan5,FloorPlan5_FloorPlan5_chunk_0_0_cluster_0_A_diverse_1,FloorPlan5_chunk_0_0_cluster_0,tomato_1,left_of,lettuce_1,shared_anchor_opposite_sides,dish_sponge_1,1,True,True,FloorPlan5_experiment_A_text_diverse.json
step4T_9e3e3a7b529857fbdf86,FloorPlan5,FloorPlan5_FloorPlan5_chunk_0_0_cluster_0_A_diverse_2,FloorPlan5_chunk_0_0_cluster_0,cabinet_1,right_of,kettle_1,chain_same_direction,soap_bottle_1,1,True,True,FloorPlan5_experiment_A_text_diverse.json
step4T_2801b9d3c2313472876f,FloorPlan5,FloorPlan5_FloorPlan5_chunk_0_0_cluster_0_A_diverse_2,FloorPlan5_chunk_0_0_cluster_0,lettuce_1,right_of,kettle_1,chain_same_direction,soap_bottle_1,1,True,True,FloorPlan5_experiment_A_text_diverse.json
step4T_027c21a58329fe367a86,FloorPlan5,FloorPlan5_FloorPlan5_chunk_0_0_cluster_0_A_diverse_2,FloorPlan5_chunk_0_0_cluster_0,lettuce_1,right_of,tomato_1,chain_same_direction,soap_bottle_1,1,True,True,FloorPlan5_experiment_A_text_diverse.json
step4T_93151d6f89aa83c25d62,FloorPlan5,FloorPlan5_FloorPlan5_chunk_0_1_cluster_0_A_diverse_1,FloorPlan5_chunk_0_1_cluster_0,bowl_1,right_of,potato_1,anchor_between_reversed_surface_form,butter_knife_1,1,True,True,FloorPlan5_experiment_A_text_diverse.json
step4T_f7b9a6c60b7625927c78,FloorPlan5,FloorPlan5_FloorPlan5_chunk_0_1_cluster_0_A_diverse_1,FloorPlan5_chunk_0_1_cluster_0,bread_1,left_of,knife_1,anchor_between_reversed_surface_form,spatula_1,1,True,True,FloorPlan5_experiment_A_text_diverse.json
step4T_701625c8fd378f176c39,FloorPlan5,FloorPlan5_FloorPlan5_chunk_0_1_cluster_0_A_diverse_1,FloorPlan5_chunk_0_1_cluster_0,bread_1,left_of,spoon_1,anchor_between_reversed_surface_form,spatula_1,1,True,True,FloorPlan5_experiment_A_text_diverse.json
step4T_23dd8c70ca276dcc10cf,FloorPlan5,FloorPlan5_FloorPlan5_chunk_0_1_cluster_0_A_diverse_1,FloorPlan5_chunk_0_1_cluster_0,butter_knife_1,left_of,knife_1,chain_same_direction,bowl_1,1,True,True,FloorPlan5_experiment_A_text_diverse.json
step4T_7709e3e938a27d4a118b,FloorPlan5,FloorPlan5_FloorPlan5_chunk_0_1_cluster_0_A_diverse_1,FloorPlan5_chunk_0_1_cluster_0,butter_knife_1,left_of,mug_1,shared_anchor_opposite_sides,bowl_1,1,True,True,FloorPlan5_experiment_A_text_diverse.json
step4T_910423aba6935b08028c,FloorPlan5,FloorPlan5_FloorPlan5_chunk_0_1_cluster_0_A_diverse_1,FloorPlan5_chunk_0_1_cluster_0,cabinet_1,right_of,bread_1,chain_same_direction,spatula_1,1,True,True,FloorPlan5_experiment_A_text_diverse.json
step4T_08e27d64b311bbea00bb,FloorPlan5,FloorPlan5_FloorPlan5_chunk_0_1_cluster_0_A_diverse_1,FloorPlan5_chunk_0_1_cluster_0,knife_1,right_of,bread_1,anchor_between_reversed_surface_form,spatula_1,1,True,True,FloorPlan5_experiment_A_text_diverse.json
step4T_fa971a13d08042f25a74,FloorPlan5,FloorPlan5_FloorPlan5_chunk_0_1_cluster_0_A_diverse_1,FloorPlan5_chunk_0_1_cluster_0,mug_1,right_of,butter_knife_1,shared_anchor_opposite_sides,bowl_1,1,True,True,FloorPlan5_experiment_A_text_diverse.json
step4T_86f1522a908dd379b9c0,FloorPlan5,FloorPlan5_FloorPlan5_chunk_0_1_cluster_0_A_diverse_1,FloorPlan5_chunk_0_1_cluster_0,potato_1,left_of,bowl_1,anchor_between_reversed_surface_form,butter_knife_1,1,True,True,FloorPlan5_experiment_A_text_diverse.json
step4T_ff79522a620d1b0fac12,FloorPlan5,FloorPlan5_FloorPlan5_chunk_0_1_cluster_0_A_diverse_1,FloorPlan5_chunk_0_1_cluster_0,spoon_1,right_of,bread_1,anchor_between_reversed_surface_form,spatula_1,1,True,True,FloorPlan5_experiment_A_text_diverse.json
step4T_c7b25ca517399d8f8be2,FloorPlan5,FloorPlan5_FloorPlan5_chunk_0_1_cluster_0_A_diverse_2,FloorPlan5_chunk_0_1_cluster_0,bread_1,left_of,mug_1,shared_anchor_opposite_sides,spoon_1,1,True,True,FloorPlan5_experiment_A_text_diverse.json
step4T_9226f38d62b332c8818a,FloorPlan5,FloorPlan5_FloorPlan5_chunk_0_1_cluster_0_A_diverse_2,FloorPlan5_chunk_0_1_cluster_0,house_plant_1,left_of,mug_1,shared_anchor_opposite_sides,spoon_1,1,True,True,FloorPlan5_experiment_A_text_diverse.json
step4T_519efaa163fb3f16dfac,FloorPlan5,FloorPlan5_FloorPlan5_chunk_0_1_cluster_0_A_diverse_2,FloorPlan5_chunk_0_1_cluster_0,mug_1,right_of,bread_1,chain_same_direction,cabinet_1,2,True,True,FloorPlan5_experiment_A_text_diverse.json
step4T_18ab9af0c33ead1fa037,FloorPlan5,FloorPlan5_FloorPlan5_chunk_0_1_cluster_0_A_diverse_2,FloorPlan5_chunk_0_1_cluster_0,mug_1,right_of,house_plant_1,shared_anchor_opposite_sides,spoon_1,1,True,True,FloorPlan5_experiment_A_text_diverse.json
step4T_f49e71139fed35ac5389,FloorPlan5,FloorPlan5_FloorPlan5_chunk_0_1_cluster_0_A_diverse_2,FloorPlan5_chunk_0_1_cluster_0,mug_1,right_of,pot_1,chain_same_direction,spoon_1,1,True,True,FloorPlan5_experiment_A_text_diverse.json
step4T_0fd229968a10600fd712,FloorPlan5,FloorPlan5_FloorPlan5_chunk_0_2_cluster_0_A_diverse_0,FloorPlan5_chunk_0_2_cluster_0,mug_1,right_of,ladle_1,chain_same_direction,bowl_1,1,True,True,FloorPlan5_experiment_A_text_diverse.json
step4T_766cc345d322175c92a0,FloorPlan5,FloorPlan5_FloorPlan5_chunk_0_2_cluster_0_A_diverse_1,FloorPlan5_chunk_0_2_cluster_0,bowl_1,right_of,house_plant_1,anchor_between_reversed_surface_form,stool_2,1,True,True,FloorPlan5_experiment_A_text_diverse.json
step4T_0357545f28e47148c743,FloorPlan5,FloorPlan5_FloorPlan5_chunk_0_2_cluster_0_A_diverse_1,FloorPlan5_chunk_0_2_cluster_0,house_plant_1,left_of,bowl_1,anchor_between_reversed_surface_form,stool_2,1,True,True,FloorPlan5_experiment_A_text_diverse.json
step4T_207e14e53feb65af83ed,FloorPlan5,FloorPlan5_FloorPlan5_chunk_1_0_cluster_0_A_diverse_0,FloorPlan5_chunk_1_0_cluster_0,toaster_1,left_of,pan_1,chain_same_direction,salt_shaker_1,1,True,True,FloorPlan5_experiment_A_text_diverse.json
step4T_616fed89ee451687f5b3,FloorPlan5,FloorPlan5_FloorPlan5_chunk_2_0_cluster_0_A_diverse_1,FloorPlan5_chunk_2_0_cluster_0,pan_1,right_of,pepper_shaker_1,chain_same_direction,salt_shaker_1,1,True,True,FloorPlan5_experiment_A_text_diverse.json
step4T_4e0897bbb6c2f5b20a79,FloorPlan5,FloorPlan5_FloorPlan5_chunk_2_0_cluster_0_A_diverse_2,FloorPlan5_chunk_2_0_cluster_0,cabinet_3,right_of,pepper_shaker_1,chain_same_direction,salt_shaker_1,1,True,True,FloorPlan5_experiment_A_text_diverse.json
step4T_162ef393b9fce239d924,FloorPlan5,FloorPlan5_FloorPlan5_chunk_2_1_cluster_0_A_diverse_1,FloorPlan5_chunk_2_1_cluster_0,fridge_1,left_of,vase_3,chain_same_direction,vase_2,1,True,True,FloorPlan5_experiment_A_text_diverse.json
step4T_cd8bf26556e943cbc5a0,FloorPlan5,FloorPlan5_FloorPlan5_chunk_2_1_cluster_0_A_diverse_1,FloorPlan5_chunk_2_1_cluster_0,vase_3,right_of,fridge_1,chain_same_direction,vase_1,1,True,True,FloorPlan5_experiment_A_text_diverse.json
step4T_fb5c4b6842362458f720,FloorPlan6,FloorPlan6_FloorPlan6_chunk_1_1_cluster_0_A_diverse_1,FloorPlan6_chunk_1_1_cluster_0,stool_1,right_of,bread_1,chain_same_direction,apple_1,1,True,True,FloorPlan6_experiment_A_text_diverse.json
step4T_5186004fb308830901ac,FloorPlan6,FloorPlan6_FloorPlan6_chunk_1_1_cluster_0_A_diverse_2,FloorPlan6_chunk_1_1_cluster_0,pan_1,right_of,bread_1,chain_same_direction,apple_1,1,True,True,FloorPlan6_experiment_A_text_diverse.json
step4T_ae781283f74bc7873e25,FloorPlan6,FloorPlan6_FloorPlan6_chunk_1_1_cluster_0_A_diverse_2,FloorPlan6_chunk_1_1_cluster_0,pan_1,right_of,cup_1,chain_same_direction,apple_1,1,True,True,FloorPlan6_experiment_A_text_diverse.json
step4T_c40ea7a980d996dd57c6,FloorPlan6,FloorPlan6_FloorPlan6_chunk_1_2_cluster_0_A_diverse_1,FloorPlan6_chunk_1_2_cluster_0,bread_1,left_of,pan_1,chain_same_direction,apple_1,1,True,True,FloorPlan6_experiment_A_text_diverse.json
step4T_7c9158abf4aaf92754a9,FloorPlan6,FloorPlan6_FloorPlan6_chunk_1_2_cluster_0_A_diverse_2,FloorPlan6_chunk_1_2_cluster_0,cup_1,left_of,pan_1,anchor_between_reversed_surface_form,apple_1,1,True,True,FloorPlan6_experiment_A_text_diverse.json
step4T_4c4a27c467cf880f8066,FloorPlan6,FloorPlan6_FloorPlan6_chunk_1_2_cluster_0_A_diverse_2,FloorPlan6_chunk_1_2_cluster_0,pan_1,right_of,cup_1,anchor_between_reversed_surface_form,apple_1,1,True,True,FloorPlan6_experiment_A_text_diverse.json
step4T_89ed823cbceae0184aeb,FloorPlan6,FloorPlan6_FloorPlan6_chunk_1_2_cluster_0_A_diverse_3,FloorPlan6_chunk_1_2_cluster_0,bread_1,left_of,pan_1,chain_same_direction,apple_1,1,True,True,FloorPlan6_experiment_A_text_diverse.json
step4T_2450fcc24af77d4a58f1,FloorPlan6,FloorPlan6_FloorPlan6_chunk_2_0_cluster_0_A_diverse_0,FloorPlan6_chunk_2_0_cluster_0,sink_basin_1,left_of,dish_sponge_1,chain_same_direction,mug_1,1,True,True,FloorPlan6_experiment_A_text_diverse.json
step4T_93185337c7153815cace,FloorPlan6,FloorPlan6_FloorPlan6_chunk_2_0_cluster_0_A_diverse_0,FloorPlan6_chunk_2_0_cluster_0,tomato_1,left_of,dish_sponge_1,chain_same_direction,mug_1,1,True,True,FloorPlan6_experiment_A_text_diverse.json
step4T_a7855ea7879fcb379175,FloorPlan6,FloorPlan6_FloorPlan6_chunk_2_0_cluster_0_A_diverse_1,FloorPlan6_chunk_2_0_cluster_0,faucet_1,right_of,paper_towel_roll_1,chain_same_direction,soap_bottle_1,1,True,True,FloorPlan6_experiment_A_text_diverse.json
step4T_af8ecf6414b2b2900443,FloorPlan6,FloorPlan6_FloorPlan6_chunk_2_1_cluster_0_A_diverse_1,FloorPlan6_chunk_2_1_cluster_0,stove_burner_1,left_of,stove_knob_3,shared_anchor_opposite_sides,salt_shaker_1,1,True,True,FloorPlan6_experiment_A_text_diverse.json
step4T_24d53b18bee4d2638516,FloorPlan6,FloorPlan6_FloorPlan6_chunk_2_1_cluster_0_A_diverse_1,FloorPlan6_chunk_2_1_cluster_0,stove_knob_3,right_of,stove_burner_1,shared_anchor_opposite_sides,salt_shaker_1,1,True,True,FloorPlan6_experiment_A_text_diverse.json
step4T_f3c0d1e8f384d9b7005e,FloorPlan6,FloorPlan6_FloorPlan6_chunk_2_1_cluster_0_A_diverse_1,FloorPlan6_chunk_2_1_cluster_0,window_1,right_of,fork_1,chain_same_direction,pepper_shaker_1,1,True,True,FloorPlan6_experiment_A_text_diverse.json
